Aberdeen, SD (KABR)
Abilene, TX (KABI)
Adak Island, AK (PADK)
Akiachak, AK (PKKI)
Akiak, AK (PAKI)
Akron/Canton, OH (KCAK)
Akutan, AK (PKQA)
Alakanuk, AK (PAUK)
Alamogordo, NM (KALM)
Alamosa, CO (KALS)
Albany, NY (KALB)
Albuquerque, NM (KABQ)
Aleknagik, AK (PWKK)
Alexandria, LA (KAEX)
Allakaket, AK (PAET)
Allentown, PA (KABE)
Alliance, NE (KAIA)
Alpena, MI (KAPN)
Altoona, PA (KAOO)
Amarillo, TX (KAMA)
Ambler, AK (PABL)
Anaktueuk, AK (PAKP)
Anchorage, AK (PANC)
Angoon, AK (PAGN)
Aniak, AK (PANI)
Anvik, AK (PANV)
Appleton, WI (KATW)
Arcata, CA (KACV)
Arctic Village, AK (PARC)
Asheville, NC (KAVL)
Ashland, KY/Huntington, WV (KHTS)
Aspen, CO (KASE)
Athens, GA (KAHN)
Atka, AK (PAKB)
Atlanta, GA (KATL)
Atlantic City, NJ (KAIY)
Atqasuk, AK (PATK)
Augusta, GA (KAGS)
Augusta, ME (KAUG)
Austin, TX (KAUS)
Bakersfield, CA (KBFL)
Baltimore, MD (KBWI)
Bangor, ME (KBGR)
Bar Harbour, ME (KBHB)
Barrow, AK (PBRW)
Barter Island, AK (PBTI)
Baton Rouge, LA (KBTR)
Bay City, MI (KMBS)
Beaumont/Port Arthur, TX (KBPT)
Beaver, AK (PWBQ)
Beckley, WV (KBKW)
Bedford, MA (KBED)
Belleville, IL (KBLV)
Bellingham, WA (KBLI)
Bemidji, MN (KBJI)
Benton Harbor, MI (KBEH)
Bethel, AK (PBET)
Bethlehem, PA (KABE)
Bettles, AK (PBTT)
Billings, MT (KBIL)
Biloxi/Gulfport, MS (KGPT)
Binghamton, NY (KBGM)
Birch Creek, AK (PKBC)
Birmingham, AL (KBHM)
Bismarck, ND (KBIS)
Block Island, RI (KBID)
Bloomington, IL (KBMI)
Bluefield, WV (KBLF)
Boise, ID (KBOI)
Boston, MA (KBOS)
Boulder, CO Hiltons Har H (KWHH)
Boulder, CO Municipal Airport (KWBU)
Boundary, AK (PBYA)
Bowling Green, KY (KBWG)
Bozeman, MT (KBZN)
Bradford, PA (KBFD)
Brainerd, MN (KBRD)
Brownwood, TX (KBWD)
Bristol, VA (KTRI)
Brookings, SD (KBKX)
Brooks Lodge, AK (PRBH)
Brownsville, TX (KBRO)
Brunswick, GA (KBQK)
Buckland, AK (PBKC)
Buffalo, NY (KBUF)
Bullhead City/Laughlin, AZ (KIFP)
Burbank, CA (KBUR)
Burlington, IA (KBRL)
Burlington, VT (KBTV)
Butte, MT (KBTM)
Canton/Akron, OH (PCAK)
Cape Girardeau, MO (KCGI)
Cape Lisburne, AK (PLUR)
Cape Newenham, AK (PEHM)
Carbondale, IL (KMDH)
Carlsbad, CA (KCLD)
Carlsbad, NM (KCNM)
Carmel, CA (KMRY)
Casper, WY (KCPR)
Cedar City, UT (KCDC)
Cedar Rapids, IA (KCID)
Central, AK (PCEM)
Chadron, NE (KCDR)
Chalkyitsik, AK (PCIK)
Champaign/Urbana, IL (KCMI)
Charleston, SC (KCHS)
Charleston, WV (KCRW)
Charlotte, NC (KCLT)
Charlottesville, VA (KCHO)
Chattanooga, TN (KCHA)
Chefornak, AK (PCYF)
Chevak, AK (PVAK)
Cheyenne, WY (KCYS)
Chicago, IL Midway (KMDW)
Chicago, IL O’Hare (KORD)
Chicken, AK (PCKX)
Chico, CA (KCIC)
Chignik, AK Fisheries (PKCG)
Chignik, AK (PKCQ)
Chignik, AK Lagoon (PKCL)
Chisana, AK (PCZN)
Chisholm/Hibbing, MN (PHIB)
Chuathbaluk, AK (PCHU)
Cincinnati, OH (KCVG)
Circle Hot Springs, AK (PCHP)
Circle, AK (PIRC)
Clarks Point, AK (PCLP)
Clarksburg, WV (KCKB)
Clearwater/St Petersburg, FL (KPIE)
Cleveland, OH (KCLE)
Clovis, NM (KCVN)
Cody/Yellowstone, WY (KCOD)
Coffee Point, AK (PCFA)
Coffman Cove, AK (PKCC)
Cold Bay, AK (PCDB)
College Station, TX (KCLL)
Colorado Springs, CO (KCOS)
Columbia, MO (KCOU)
Columbia, SC (KCAE)
Columbus, GA (KCSG)
Columbus, MS (KGTR)
Columbus, OH (KCMH)
Concord, CA (KCCR)
Concordia, KS (KCNK)
Cordova, AK (PCDV)
Corpus Christi, TX (KCRP)
Cortez, CO (KCEZ)
Craig, AK (PCGA)
Crescent City, CA (KCEC)
Crooked Creek, AK (PCKO)
Cube Cove, AK (PCUW)
Cumberland, MD (KCBE)
Dallas, TX Love Field (KDAL)
Dallas, TX Dallas/Ft Worth Intl. (KDFW)
Dayton, OH (KDAY)
Daytona Beach, FL (KDAB)
Decatur, IL (KDEC)
Deering, AK (PDRG)
Del Reo, TX (KDRT)
Delta Junction, AK (PDJN)
Denver, CO International (KDEN)
Des Moines, IA (KDSM)
Detroit, MI Metro/Wayne County (KDTW)
Devil’s Lake, ND (KDVL)
Dickinson, ND (KDIK)
Dillingham, AK (PDLG)
Dodge City, KS (KDDC)
Dothan, AL (KDHN)
Dubois, PA (KDUJ)
Dubuque, IA (KDBQ)
Duluth, MN (KDLH)
Durango, CO (KDRO)
Durham, NC (KRDU)
Durham/Raleigh, NC (KRDU)
Dutch Harbor, AK (PDUT)
Easton, PA (KABE)
Eau Claire, WI (KEAU)
Edna Bay, AK (PEDA)
Eek, AK (PEEK)
Ekuk, AK (PKKU)
Ekwok, AK (PKEK)
El Centro, CA (KIPL)
El Dorado, AR (KELD)
El Paso, TX (KELP)
Elfin Cove, AK (PELV)
Elim, AK (PELI)
Elko, NV (KEKO)
Elmira, NY (KELM)
Ely, MN (KLYU)
Emmonak, AK (PEMK)
Endicott, NY (KBGM)
Enid, OK (KWDG)
Erie, PA (KERI)
Escanaba, MI (KESC)
Eugene, OR (KEUG)
Eureka/Arcata, CA (KACV)
Eureka, NV (KEUE)
Evansville, IN (KEVV)
Fairbanks, AK (PFAI)
Fargo, ND (KFAR)
Farmington, NM (KFMN)
Fayetteville, AR Municipal/Drake (KFYV)
Fayetteville, AR Northwest Arkansas Regional (KXNA)
Fayetteville, NC (KFAY)
Flagstaff, AZ (KFLG)
Flint, MI (KFNT)
Florence, SC (KFLO)
Florence/Muscle Shoals/Sheffield, AL (KMSL)
Northern Colorado Regional Airport (KFNL)
Fort Dodge, IA (KFOD)
Fort Lauderdale, FL (KFLL)
Fort Leonard Wood, MO (KTBN)
Fort Myers, FL (KRSW)
Fort Smith, AR (KFSM)
Fort Walton Beach, FL (KVPS)
Fort Wayne, IN (KFWA)
Fort Worth/Dallas, TX (KDFW)
Franklin, PA (KFKL)
Fresno, CA (KFAT)
Gainesville, FL (KGNV)
Gallup, NM (KGUP)
Garden City, KS (KGCK)
Gary, IN (KGYY)
Gillette, WY (KGCC)
Gladewater/Kilgore, TX (KGGG)
Glasgow, MT (KGGW)
Glendive, MT (KGDV)
Golovin, AK (PGLV)
Goodnews Bay, AK (PGNU)
Grand Canyon, AZ Heliport (KJGC)
Grand Canyon, AZ National Park (KGCN)
Grand Forks, ND (KGFK)
Grand Island, NE (KGRI)
Grand Junction, CO (KGJT)
Grand Rapids, MI (KGRR)
Grand Rapids, MN (KGPZ)
Grayling, AK (PKGX)
Great Falls, MT (KGTF)
Green Bay, WI (KGRB)
Greensboro, NC (KGSO)
Greenville, MS (KGLH)
Greenville, NC (KPGV)
Greenville/Spartanburg, SC (KGSP)
Groton/New London, CT (KGON)
Gulfport, MS (KGPT)
Gunnison, CO (KGUC)
Gustavus, AK (PGST)
Hagerstown, MD (KHGR)
Hailey, ID (KSUN)
Haines, AK (PHNS)
Hampton, VA (KPHF)
Hana, HI Island of Maui (PHNM)
Hanapepe, HI (PPAK)
Hancock, MI (KCMX)
Hanover, NH (KLEB)
Harlingen, TX (KHRL)
Harrisburg, PA (KMDT)
Harrison, AR (KHRO)
Hartford, CT (KBDL)
Havasupai, AZ (KHAE)
Havre, MT (KHVR)
Hayden, CO (KHDN)
Hays, KS (KHYS)
Healy Lake, AK (PHKB)
Helena, MT (KHLN)
Hendersonville, NC (KAVL)
Hibbing/Chisholm, MN (PHIB)
Hickory, NC (KHKY)
High Point, NC (KGSO)
Hilo, HI Island of Hawaii (PITO)
Hilton Head, SC (KHHH)
Hobbs, NM (KHBB)
Hollis, AK (PHYL)
Holy Cross, AK (PHCR)
Homer, AK (PHOM)
Honolulu, HI Island of Oahu (PHNL)
Hoolehua, HI Island of Molokai (PMKK)
Hoonah, AK (PHNH)
Hooper Bay, AK (PHPB)
Hot Springs, AR (KHOT)
Houston, TX Hobby (KHOU)
Houston, TX Intercontinental (KIAH)
Hughes, AK (PHUS)
Huntington, WV/Ashland, KY (KHTS)
Huntsville, AL (KHSV)
Huron, SD (KHON)
Huslia, AK (PHSL)
Hyannis, MA (KHYA)
Hydaburg, AK (PHYG)
Idaho Falls, ID (KIDA)
Igiugig, AK (PIGG)
Iliamna, AK (PILI)
Imperial, CA (KIPL)
Indianapolis, IN (KIND)
International Falls, MN (KINL)
Inyokern, CA (KIYK)
Iron Mountain, MI (KIMT)
Ironwood, MI (KIWD)
Islip, NY (KISP)
Ithaca, NY (KITH)
Jackson Hole, WY (KJAC)
Jackson, MS (KJAN)
Jackson, TN (KMKL)
Jacksonville, FL (KJAX)
Jacksonville, NC (KOAJ)
Jamestown, ND (KJMS)
Jamestown, NY (KJHW)
Janesville, WI (KJVL)
Johnson City, NY (KBGM)
Johnson City, TN (KTRI)
Johnstown, PA (KJST)
Jonesboro, AR (KJBR)
Joplin, MO (KJLN)
Juneau, AK (PJNU)
Kahului, HI Island of Maui, (KOGG)
Kake, AK (PKAE)
Kakhonak, AK (PKNK)
Kalamazoo, MI (KAZO)
Kalaupapa, HI Island of Molokai, (KLUP)
Kalskag, AK (PKLG)
Kaltag, AK (PKAL)
Kamuela, HI Island of Hawaii, (KMUE)
Kansas City, MO (KMCI)
Kapalua, HI Island of Maui, (KJHM)
Kasaan, AK (PKXA)
Kasigluk, AK (PKUK)
Kauai Island/Lihue, HI (PLIH)
Kearney, NE (KEAR)
Keene, NH (KEEN)
Kenai, AK (PENA)
Ketchikan, AK (PKTN)
Key West, FL (KEYW)
Kiana, AK (PIAN)
Kilgore/Gladewater, TX (KGGG)
Killeen, TX (KILE)
King Cove, AK (PKVC)
King Salmon, AK (PAKN)
Kingman, AZ (KIGM)
Kingsport, TN (KTRI)
Kipnuk, AK (PKPN)
Kirksville, MO (KIRK)
Kivalina, AK (PKVL)
Klamath Falls, OR (KLMT)
Klawock, AK (PKLW)
Knoxville, TN (KTYS)
Kobuk, AK (POBU)
Kodiak, AK (PADQ)
Kona, HI Island of Hawaii (PKOA)
Kongiganak, AK (PKKH)
Kotlik, AK (PKOT)
Kotzebue, AK (POTZ)
Koyukuk, AK (PKYU)
Kwethluk, AK (PKWT)
Kwigillingok, AK (PKWK)
La Crosse, WI (KLSE)
Lafayette, IN (KLAF)
Lafayette, LA (KLFT)
Lake Charles, LA (KLCH)
Lake Havasu City, AZ (PHII)
Lake Minchumina, AK (PLMA)
Lanai City, HI Island of Lanai (PLNY)
Lancaster, PA (KLNS)
Lansing, MI (KLAN)
Laramie, WY (KLAR)
Laredo, TX (KLRD)
Las Vegas, NV (KLAS)
Latrobe, PA (KLBE)
Laurel, MS (KPIB)
Lawton, OK (KLAW)
Lebanon, NH (KLEB)
Levelock, AK (PKLL)
Lewisburg, WV (KLWB)
Lewiston, ID (KLWS)
Lewistown, MT (KLWT)
Lexington, KY (KLEX)
Liberal, KS (KLBL)
Lihue, HI Island of Kaui (PLIH)
Lincoln, NE (KLNK)
Little Rock, AR (KLIT)
Long Beach, CA (KLGB)
Longview, TX (KGGG)
Lopez Island, WA (KLPS)
Los Angeles, CA (KLAX)
Louisville, KY (KSDF)
Loveland/Fort Collins, CO Municipal Airport (KFNL)
Lubbock, TX (KLBB)
Macon, GA (KMCN)
Madison, WI (KMSN)
Madras, OR (KMDJ)
Manchester, NH (KMHT)
Manhattan, KS (KMHK)
Manistee, MI (KMBL)
Mankato, MN (KMKT)
Manley Hot Springs, AK (PMLY)
Manokotak, AK (PKMO)
Marietta, OH/Parkersburg, WV (KPKB)
Marion, IL (KMWA)
Marquette, MI (KMQT)
Marshall, AK (PMLL)
Martha’s Vineyard, MA (KMVY)
Martinsburg, PA (KAOO)
Mason City, IA (KMCW)
Massena, NY (KMSS)
Maui, HI (POGG)
Mcallen, TX (KMFE)
Mccook, NE (KMCK)
Mcgrath, AK (PMCG)
Medford, OR (KMFR)
Mekoryuk, AK (PMYU)
Melbourne, FL (KMLB)
Memphis, TN (KMEM)
Merced, CA (KMCE)
Meridian, MS (KMEI)
Metlakatla, AK (PMTM)
Meyers Chuck, AK (PWMK)
Miami, FL International (KMIA)
Miami, FL Sea Plane Base (KMPB)
Midland, MI (KMBS)
Midland/Odessa, TX (KMAF)
Miles City, MT (KMLS)
Milwaukee, WI (KMKE)
Minneapolis, MN (KMSP)
Minot, ND (KMOT)
Minto, AK (PMNT)
Mission, TX (KMFE)
Missoula, MT (KMSO)
Moab, UT (KCNY)
Mobile, AL (KMOB)
Modesto, CA (KMOD)
Moline, IL (KMLI)
Monroe, LA (KMLU)
Monterey, CA (KMRY)
Montgomery, AL (KMGM)
Montrose, CO (KMTJ)
Morgantown, WV (KMGW)
Moses Lake, WA (KMWH)
Mountain Home, AR (KWMH)
Mountain Village, AK (PMOU)
Muscle Shoals, AL (KMSL)
Muskegon, MI (KMKG)
Myrtle Beach, SC (KMYR)
Nantucket, MA (KACK)
Napakiak, AK (PWNA)
Napaskiak, AK (PPKA)
Naples, FL (KAPF)
Nashville, TN (KBNA)
Naukiti, AK (PNKI)
Nelson Lagoon, AK (PNLG)
New Chenega, AK (PNCN)
New Haven, CT (KHVN)
New Koliganek, AK (PKGK)
New London/Groton (KGON)
New Orleans, LA (KMSY)
New Stuyahok, AK (PKNW)
New York, NY Kennedy (KJFK)
New York, NY La Guardia (KLGA)
Newark, NJ (KEWR)
Newburgh/Stewart Field, NY (KSWF)
Newport News, VA (KPHF)
Newtok, AK (PWWT)
Nightmute, AK (PNME)
Nikolai, AK (PNIB)
Nikolski, AK (PIKO)
Noatak, AK (PWTK)
Nome, AK (POME)
Nondalton, AK (PNNL)
Noorvik, AK (PORV)
Norfolk, NE (KOFK)
Norfolk, VA (KORF)
North Bend, OR (KOTH)
North Platte, NE (KLBF)
Northway, AK (PORT)
Nuiqsut, AK (PNUI)
Nulato, AK (PNUL)
Nunapitchuk, AK (PNUP)
Oakland, CA (POAK)
Odessa/Midland, TX (KMAF)
Ogdensburg, NY (KOGS)
Oklahoma City, OK (KOKC)
Omaha, NE (KOMA)
Ontario, CA (KONT)
Orange County, CA (KSNA)
Orlando, FL Herndon (KORL)
Orlando, FL International (KMCO)
Oshkosh, WI (KOSH)
Ottumwa, IA (KOTM)
Owensboro, KY (KOWB)
Oxnard/Ventura, CA (KOXR)
Paducah, KY (KPAH)
Page, AZ (KPGA)
Palm Springs, CA (KPSP)
Panama City, FL (KPFN)
Parkersburg, WV/Marietta, OH (KPKB)
Pasco, WA (KPSC)
Pedro Bay, AK (PPDB)
Pelican, AK (PPEC)
Pellston, MI (KPLN)
Pendleton, OR (KPDT)
Pensacola, FL (KPNS)
Peoria, IL (KPIA)
Perryville, AK (PKPV)
Petersburg, AK (PPSG)
Philadelphia, PA International (KPHL)
Philadelphia, PA Trenton/Mercer NJ (KTTN)
Phoenix, AZ (KPHX)
Pierre, SD (KPIR)
Pilot Point, AK Ugashnik Bay (PUGB)
Pilot Point, AK (PPIP)
Pilot Station, AK (PPQS)
Pittsburgh, PA (KPIT)
Platinum, AK (PPTU)
Plattsburgh, NY (KPLB)
Pocatello, ID (KPIH)
Point Baker, AK (PKPB)
Point Hope, AK (PPHO)
Point Lay, AK (PPIZ)
Ponca City, OK (KPNC)
Ponce, Puerto Rico (KPSE)
Port Alsworth, AK (PPTA)
Port Angeles, WA (KCLM)
Port Arthur/Beaumont, TX (KBPT)
Port Clarence, AK (PKPC)
Port Heiden, AK (PPTH)
Port Moller, AK (PPML)
Port Protection, AK (PPPV)
Portage Creek, AK (PPCA)
Portland, ME (KPWM)
Portland, OR (KPDX)
Portsmouth, NH (KPSM)
Poughkeepsie, NY (KPOU)
Prescott, AZ (KPRC)
Presque Isle, ME (KPQI)
Princeton, WV (KBLF)
Providence, RI (KPVD)
Provincetown, MA (KPVC)
Prudhoe Bay/Deadhorse, AK (PSCC)
Pueblo, CO (KPUB)
Pullman, WA (KPUW)
Quincy, IL (KUIN)
Quinhagak, AK (PKWN)
Raleigh/Durham, NC (KRDU)
Rampart, AK (PRMP)
Rapid City, SD (KRAP)
Reading, PA (KRDG)
Red Devil, AK (PRDV)
Redding, CA (KRDD)
Redmond, OR (KRDM)
Reno, NV (KRNO)
Rhinelander, WI, (PRHI)
Richmond, VA (KRIC)
Riverton, WY (KRIW)
Roanoke, VA (KROA)
Roche Harbor, WA (KRCE)
Rochester, MN (KRST)
Rochester, NY (KROC)
Rock Springs, WY (KRKS)
Rockford, IL Park&Ride Bus (KZRF)
Rockford, IL Van Galder Bus (KZRK)
Rockland, ME (KRKD)
Rosario, WA (KRSJ)
Roswell, NM (KROW)
Ruby, AK (PRBY)
Russian Mission, AK (PRSH)
Rutland, VT (KRUT)
Sacramento, CA (KSMF)
Saginaw, MI (KMBS)
Saint Cloud, MN (KSTC)
Saint George Island, AK (PSTG)
Saint George, UT (KSGU)
Saint Louis, MO (KSTL)
Saint Mary’s, AK (PKSM)
Saint Michael, AK (PSMK)
Saint Paul Island, AK (PSNP)
Salem, OR (KSLE)
Salina, KS (KSLN)
Salisbury Ocean City, MD (KSBY)
Salt Lake City, UT (KSLC)
San Angelo, TX (KSJT)
San Antonio, TX (KSAT)
San Diego, CA (KSAN)
San Francisco, CA (KSFO)
San Jose, CA (KSJC)
San Juan, Puerto Rico (KSJU)
San Luis Obispo, CA (KSBP)
Sand Point, AK (PSDP)
Sanford, FL (KSFB)
Santa Ana, CA (KSNA)
Santa Barbara, CA (KSBA)
Santa Fe, NM (KSAF)
Santa Maria, CA (KSMX)
Santa Rosa, CA (KSTS)
Saranac Lake, NY (KSLK)
Sarasota, FL (KSRQ)
Sault Ste Marie, MI, (KCIU)
Savannah, GA (KSAV)
Savoonga, AK (PSVA)
Scammon Bay, AK (PSCM)
Scottsbluff, NE (KBFF)
Scranton, PA (KAVP)
Seattle, WA Lake Union SPB (KLKE)
Seattle, WA Seattle/Tacoma International (KSEA)
Selawik, AK (PWLK)
Seward, AK (PSWD)
Shageluk, AK (PSHX)
Shaktoolik, AK (PSKK)
Sheffield/Florence/Muscle Shoals, AL (KMSL)
Sheldon Point, AK (PSXP)
Sheridan, WY (KSHR)
Shishmaref, AK (PSHH)
Shreveport, LA (KSHV)
Shungnak, AK (PSHG)
Silver City, NM (KSVC)
Sioux City, IA (KSUX)
Sioux Falls, SD (KFSD)
Sitka, AK (PSIT)
Skagway, AK (PSGY)
Sleetmore, AK (PSLQ)
South Bend, IN (KSBN)
South Naknek, AK (PWSN)
Southern Pines, NC (KSOP)
Spartanburg/Greenville, SC (KGSP)
Spokane, WA (KGEG)
Springfield, IL (KSPI)
Springfield, MO (KSGF)
St Petersburg/Clearwater, FL (KPIE)
State College/University Park, PA (KSCE)
Staunton, VA (KSHD)
Steamboat Springs, CO (KSBS)
Stebbins, AK (PWBB)
Stevens Point/Wausau, WI (KCWA)
Stevens Village, AK (PSVS)
Stewart Field/Newburgh, NY (KSWF)
Stockton, CA (KSCK)
Stony River, AK (PSRV)
Sun Valley, ID (KSUN)
Syracuse, NY (KSYR)
Takotna, AK (PTCT)
Talkeetna, AK (PTKA)
Tallahassee, FL (KTLH)
Tampa, FL (KTPA)
Tanana, AK (PTAL)
Taos, NM (KTSM)
Tatitlek, AK (PTEK)
Teller Mission, AK (PKTS)
Telluride, CO (KTEX)
Tenakee Springs, AK (PTKE)
Terre Haute, IN (KHUF)
Tetlin, AK (PTEH)
Texarkana, AR (KTXK)
Thief River Falls, MN (KTVF)
Thorne Bay, AK (PKTB)
Tin City, AK (PTNC)
Togiak Village, AK (PTOG)
Tok, AK (PTKJ)
Toksook Bay, AK (POOK)
Toledo, OH (KTOL)
Topeka, KS (KFOE)
Traverse City, MI (KTVC)
Trenton/Mercer, NJ (KTTN)
Tucson, AZ (KTUS)
Tulsa, OK (KTUL)
Tuluksak, AK (PTLT)
Tuntutuliak, AK (PWTL)
Tununak, AK (PTNK)
Tupelo, MS (KTUP)
Tuscaloosa, AL (KTCL)
Twin Falls, ID (KTWF)
Twin Hills, AK (PTWA)
Tyler, TX (KTYR)
Unalakleet, AK (PUNK)
Urbana/Champaign, IL (KCMI)
Utica, NY (KUCA)
Utopia Creek, AK (PUTO)
Vail, CO Eagle County Airport (KEGE)
Valdez, AK (PVDZ)
Valdosta, GA (KVLD)
Valparaiso, FL (KVPS)
Venetie, AK (PVEE)
Ventura/Oxnard, CA (KOXR)
Vernal, UT (KVEL)
Victoria, TX (KVCT)
Visalia, CA (KVIS)
Waco, TX (KACT)
Wainwright, AK (PAIN)
Wales, AK (PWAA)
Walla Walla, WA (KALW)
Washington DC Dulles (KIAD)
Washington DC National (KDCA)
Waterfall, AK (PKWF)
Waterloo, IA (KALO)
Watertown, NY (KART)
Watertown, SD (KATY)
Wausau/Stevens Point, WI (KCWA)
Wenatchee, WA (KEAT)
West Palm Beach, FL (KPBI)
West Yellowstone, MT (KWYS)
Westchester County, NY (KHPN)
Westerly, RI (KWST)
Westsound, WA (KWSX)
Whale Pass, AK (PWWP)
White Mountain, AK (PWMO)
White River, VT (KLEB)
Wichita Falls, TX (KSPS)
Wichita, KS (KICT)
Wilkes Barre, PA (KAVP)
Williamsburg, VA (KPHF)
Williamsport, PA (KIPT)
Williston, ND (KISN)
Wilmington, NC (KILM)
Windsor Locks, CT (KBDL)
Worcester, MA (KORH)
Worland, WY (KWRL)
Wrangell, AK (PWRG)
Yakima, WA (KYKM)
Yakutat, AK (PYAK)
Yellowstone/Cody, WY (KCOD)
Youngstown, OH (KYNG)
Yuma, AZ (KYUM)